{
  "version": "1.0",
  "defaultProvider": "cdnjs",
  "libraries": [
    {
      "provider": "cdnjs",
      "library": "font-awesome@6.2.0",
      "destination": "wwwroot/lib/font-awesome/",
      "files": [
        "css/all.min.css",
        "webfonts/fa-brands-400.ttf",
        "webfonts/fa-brands-400.woff2",
        "webfonts/fa-regular-400.ttf",
        "webfonts/fa-regular-400.woff2",
        "webfonts/fa-solid-900.ttf",
        "webfonts/fa-solid-900.woff2",
        "webfonts/fa-v4compatibility.ttf",
        "webfonts/fa-v4compatibility.woff2"
      ]
    }
  ]
}